{"cameraMode":{"drawMode":0,"name":"Shaded","section":"Shading Mode"},"sceneLighting":false,"audioPlay":false,"sceneViewState":{"m_AlwaysRefresh":false,"showFog":true,"showSkybox":false,"showFlares":true,"showImageEffects":true,"showParticleSystems":true,"showVisualEffectGraphs":true,"m_FxEnabled":true},"in2DMode":false,"pivot":{"x":-1.4399375915527344,"y":0.6704514622688294,"z":-45.333763122558597},"rotation":{"x":0.03449222072958946,"y":0.0074953241273760799,"z":-0.00025869597448036075,"w":0.9993776082992554},"size":2.296020746231079,"orthographic":false}