{"cameraMode":{"drawMode":0,"name":"Shaded","section":"Shading Mode"},"sceneLighting":false,"audioPlay":false,"sceneViewState":{"m_AlwaysRefresh":false,"showFog":true,"showSkybox":false,"showFlares":true,"showImageEffects":true,"showParticleSystems":true,"showVisualEffectGraphs":true,"m_FxEnabled":true},"in2DMode":false,"pivot":{"x":-1.4399375915527344,"y":0.6704514622688294,"z":-45.333763122558597},"rotation":{"x":0.05593250319361687,"y":0.2907201051712036,"z":-0.01702655479311943,"w":0.9550201296806336},"size":2.296020746231079,"orthographic":true}