{"cameraMode":{"drawMode":0,"name":"Shaded","section":"Shading Mode"},"sceneLighting":false,"audioPlay":false,"sceneViewState":{"m_AlwaysRefresh":false,"showFog":true,"showSkybox":false,"showFlares":true,"showImageEffects":true,"showParticleSystems":true,"showVisualEffectGraphs":true,"m_FxEnabled":true},"in2DMode":false,"pivot":{"x":2.7199997901916506,"y":1.6247010231018067,"z":-65.15589141845703},"rotation":{"x":0.11315717548131943,"y":0.40867769718170168,"z":-0.05114492028951645,"w":0.9041922688484192},"size":2.0592095851898195,"orthographic":false}