{"cameraMode":{"drawMode":0,"name":"Shaded","section":"Shading Mode"},"sceneLighting":false,"audioPlay":false,"sceneViewState":{"m_AlwaysRefresh":false,"showFog":true,"showSkybox":true,"showFlares":true,"showImageEffects":true,"showParticleSystems":true,"showVisualEffectGraphs":true,"m_FxEnabled":true},"in2DMode":false,"pivot":{"x":0.0088120698928833,"y":0.7114483118057251,"z":-0.03202974796295166},"rotation":{"x":0.04123872518539429,"y":0.9143083691596985,"z":-0.09635738283395767,"w":0.3913106322288513},"size":6.132396221160889,"orthographic":false}