{"cameraMode":{"drawMode":0,"name":"Shaded","section":"Shading Mode"},"sceneLighting":false,"audioPlay":false,"sceneViewState":{"m_AlwaysRefresh":false,"showFog":true,"showSkybox":false,"showFlares":true,"showImageEffects":true,"showParticleSystems":true,"showVisualEffectGraphs":true,"m_FxEnabled":true},"in2DMode":false,"pivot":{"x":4.412274360656738,"y":0.7607149481773377,"z":-51.09547424316406},"rotation":{"x":-0.007319177966564894,"y":-0.9856754541397095,"z":0.04438573494553566,"w":-0.16259920597076417},"size":1.7940640449523926,"orthographic":false}