{"cameraMode":{"drawMode":0,"name":"Shaded","section":"Shading Mode"},"sceneLighting":false,"audioPlay":false,"sceneViewState":{"m_AlwaysRefresh":false,"showFog":true,"showSkybox":false,"showFlares":true,"showImageEffects":true,"showParticleSystems":true,"showVisualEffectGraphs":true,"m_FxEnabled":true},"in2DMode":false,"pivot":{"x":-0.0700000524520874,"y":0.7576554417610169,"z":8.514232635498047},"rotation":{"x":-0.16277243196964265,"y":0.003544661682099104,"z":-0.0006014534155838192,"w":-0.9866668581962586},"size":2.8488075733184816,"orthographic":false}