{"cameraMode":{"drawMode":0,"name":"Shaded","section":"Shading Mode"},"sceneLighting":false,"audioPlay":false,"sceneViewState":{"m_AlwaysRefresh":false,"showFog":true,"showSkybox":false,"showFlares":true,"showImageEffects":true,"showParticleSystems":true,"showVisualEffectGraphs":true,"m_FxEnabled":true},"in2DMode":false,"pivot":{"x":-0.8306541442871094,"y":1.5483534336090088,"z":-65.06193542480469},"rotation":{"x":0.06883911788463593,"y":-0.055339545011520389,"z":0.00382450083270669,"w":0.9960843324661255},"size":1.7505989074707032,"orthographic":true}