{"cameraMode":{"drawMode":0,"name":"Shaded","section":"Shading Mode"},"sceneLighting":false,"audioPlay":false,"sceneViewState":{"m_AlwaysRefresh":false,"showFog":true,"showSkybox":false,"showFlares":true,"showImageEffects":true,"showParticleSystems":true,"showVisualEffectGraphs":true,"m_FxEnabled":true},"in2DMode":false,"pivot":{"x":-0.8306541442871094,"y":1.5483534336090088,"z":-65.06193542480469},"rotation":{"x":-0.0081454087048769,"y":-0.9472841024398804,"z":-0.024161260575056077,"w":0.31938979029655459},"size":2.8426082134246828,"orthographic":false}