{"cameraMode":{"drawMode":0,"name":"Shaded","section":"Shading Mode"},"sceneLighting":false,"audioPlay":false,"sceneViewState":{"m_AlwaysRefresh":false,"showFog":true,"showSkybox":false,"showFlares":true,"showImageEffects":true,"showParticleSystems":true,"showVisualEffectGraphs":true,"m_FxEnabled":true},"in2DMode":false,"pivot":{"x":6.432170867919922,"y":1.7366039752960206,"z":-64.69000244140625},"rotation":{"x":0.047091543674468997,"y":-0.38246405124664309,"z":0.019522588700056077,"w":0.9225635528564453},"size":2.913511276245117,"orthographic":false}