{"cameraMode":{"drawMode":0,"name":"Shaded","section":"Shading Mode"},"sceneLighting":false,"audioPlay":false,"sceneViewState":{"m_AlwaysRefresh":false,"showFog":true,"showSkybox":false,"showFlares":true,"showImageEffects":true,"showParticleSystems":true,"showVisualEffectGraphs":true,"m_FxEnabled":true},"in2DMode":false,"pivot":{"x":1.408573031425476,"y":0.6601350903511047,"z":-51.06962585449219},"rotation":{"x":-0.003120943671092391,"y":0.9925588965415955,"z":-0.02682158350944519,"w":-0.12007417529821396},"size":1.6012300252914429,"orthographic":false}